<?xml version="1.0" encoding="UTF-8"?>
<project-private xmlns="http://www.netbeans.org/ns/project-private/1">
    <editor-bookmarks xmlns="http://www.netbeans.org/ns/editor-bookmarks/2" lastBookmarkId="0"/>
    <open-files xmlns="http://www.netbeans.org/ns/projectui-open-files/2">
        <group>
            <file>file:/D:/Curso%20TDS/Unidade%20Curricular%209/Atividade4/src/sistema/telas/RegistroPressao.java</file>
            <file>file:/D:/Curso%20TDS/Unidade%20Curricular%209/Atividade4/src/sistema/models/Clientes.java</file>
        </group>
    </open-files>
</project-private>
